subset,n,RMSE_MWh,MAE_MWh,MAPE_pct,ICR_90,MIW_90_MWh,Winkler_90
All test hours,2665,909.6351354484988,765.3808292680603,11.426127190757175,0.6529080675422139,1806.2561081674346,4806.537286518405
Non-storm hours,2542,917.5304052935556,773.0873440781525,11.534063218122874,0.6455546813532651,1803.7442658652585,4882.5174173280975
Storm hours,123,727.5297036755882,606.1128565261582,9.195449291866055,0.8048780487804879,1858.167515745742,3236.2812497847667
Snow storm hours,38,841.951069562555,673.4440456732355,9.8814193346044,0.7631578947368421,1880.4411229357993,4550.067122784954
Wind event hours,85,670.086331947998,576.0118543192297,8.88878033158303,0.8235294117647058,1848.209903119599,2648.9416830317423
